"","x"
"1","https://viaje.reservamos.mx/search/ciudad-de-mexico/morelia/30-Nov-18/p/A1/providers"
"2","https://viaje.reservamos.mx/search/ciudad-de-mexico/uruapan/30-Nov-18/p/A1/providers"
"3","https://viaje.reservamos.mx/search/ciudad-de-mexico/colima/30-Nov-18/p/A1/providers"
"4","https://viaje.reservamos.mx/search/ciudad-de-mexico/manzanillo/30-Nov-18/p/A1/providers"
"5","https://viaje.reservamos.mx/search/ciudad-de-mexico/guadalajara/30-Nov-18/p/A1/providers"
"6","https://viaje.reservamos.mx/search/ciudad-de-mexico/puerto-vallarta/30-Nov-18/p/A1/providers"
"7","https://viaje.reservamos.mx/search/ciudad-de-mexico/tepic/30-Nov-18/p/A1/providers"
"8","https://viaje.reservamos.mx/search/ciudad-de-mexico/leon/30-Nov-18/p/A1/providers"
"9","https://viaje.reservamos.mx/search/ciudad-de-mexico/guanajuato/30-Nov-18/p/A1/providers"
"10","https://viaje.reservamos.mx/search/ciudad-de-mexico/santiago-de-queretaro/30-Nov-18/p/A1/providers"
"11","https://viaje.reservamos.mx/search/ciudad-de-mexico/tampico/30-Nov-18/p/A1/providers"
"12","https://viaje.reservamos.mx/search/ciudad-de-mexico/san-luis-potosi/30-Nov-18/p/A1/providers"
"13","https://viaje.reservamos.mx/search/ciudad-de-mexico/ciudad-victoria/30-Nov-18/p/A1/providers"
"14","https://viaje.reservamos.mx/search/ciudad-de-mexico/zacatecas/30-Nov-18/p/A1/providers"
"15","https://viaje.reservamos.mx/search/ciudad-de-mexico/aguascalientes/30-Nov-18/p/A1/providers"
"16","https://viaje.reservamos.mx/search/ciudad-de-mexico/durango/30-Nov-18/p/A1/providers"
"17","https://viaje.reservamos.mx/search/ciudad-de-mexico/mazatlan/30-Nov-18/p/A1/providers"
"18","https://viaje.reservamos.mx/search/ciudad-de-mexico/culiacan/30-Nov-18/p/A1/providers"
"19","https://viaje.reservamos.mx/search/ciudad-de-mexico/saltillo/30-Nov-18/p/A1/providers"
"20","https://viaje.reservamos.mx/search/ciudad-de-mexico/monterrey/30-Nov-18/p/A1/providers"
"21","https://viaje.reservamos.mx/search/ciudad-de-mexico/torreon/30-Nov-18/p/A1/providers"
"22","https://viaje.reservamos.mx/search/ciudad-de-mexico/reynosa/30-Nov-18/p/A1/providers"
"23","https://viaje.reservamos.mx/search/ciudad-de-mexico/nuevo-laredo/30-Nov-18/p/A1/providers"
"24","https://viaje.reservamos.mx/search/ciudad-de-mexico/chihuahua/30-Nov-18/p/A1/providers"
"25","https://viaje.reservamos.mx/search/ciudad-de-mexico/delicias/30-Nov-18/p/A1/providers"
"26","https://viaje.reservamos.mx/search/ciudad-de-mexico/los-mochis/30-Nov-18/p/A1/providers"
"27","https://viaje.reservamos.mx/search/ciudad-de-mexico/ciudad-obregon/30-Nov-18/p/A1/providers"
"28","https://viaje.reservamos.mx/search/ciudad-de-mexico/hermosillo/30-Nov-18/p/A1/providers"
"29","https://viaje.reservamos.mx/search/ciudad-de-mexico/mexicali/30-Nov-18/p/A1/providers"
"30","https://viaje.reservamos.mx/search/ciudad-de-mexico/tijuana/30-Nov-18/p/A1/providers"
"31","https://viaje.reservamos.mx/search/ciudad-de-mexico/ensenada/30-Nov-18/p/A1/providers"
"32","https://viaje.reservamos.mx/search/ciudad-de-mexico/la-paz-bs/30-Nov-18/p/A1/providers"
"33","https://viaje.reservamos.mx/search/ciudad-de-mexico/ciudad-juarez/30-Nov-18/p/A1/providers"
"34","https://viaje.reservamos.mx/search/ciudad-de-mexico/san-jose-del-cabo/30-Nov-18/p/A1/providers"
"35","https://viaje.reservamos.mx/search/guadalajara/morelia/30-Nov-18/p/A1/providers"
"36","https://viaje.reservamos.mx/search/guadalajara/uruapan/30-Nov-18/p/A1/providers"
"37","https://viaje.reservamos.mx/search/guadalajara/colima/30-Nov-18/p/A1/providers"
"38","https://viaje.reservamos.mx/search/guadalajara/manzanillo/30-Nov-18/p/A1/providers"
"39","https://viaje.reservamos.mx/search/guadalajara/puerto-vallarta/30-Nov-18/p/A1/providers"
"40","https://viaje.reservamos.mx/search/guadalajara/tepic/30-Nov-18/p/A1/providers"
"41","https://viaje.reservamos.mx/search/guadalajara/leon/30-Nov-18/p/A1/providers"
"42","https://viaje.reservamos.mx/search/guadalajara/guanajuato/30-Nov-18/p/A1/providers"
"43","https://viaje.reservamos.mx/search/guadalajara/santiago-de-queretaro/30-Nov-18/p/A1/providers"
"44","https://viaje.reservamos.mx/search/guadalajara/tampico/30-Nov-18/p/A1/providers"
"45","https://viaje.reservamos.mx/search/guadalajara/san-luis-potosi/30-Nov-18/p/A1/providers"
"46","https://viaje.reservamos.mx/search/guadalajara/ciudad-victoria/30-Nov-18/p/A1/providers"
"47","https://viaje.reservamos.mx/search/guadalajara/zacatecas/30-Nov-18/p/A1/providers"
"48","https://viaje.reservamos.mx/search/guadalajara/aguascalientes/30-Nov-18/p/A1/providers"
"49","https://viaje.reservamos.mx/search/guadalajara/durango/30-Nov-18/p/A1/providers"
"50","https://viaje.reservamos.mx/search/guadalajara/mazatlan/30-Nov-18/p/A1/providers"
"51","https://viaje.reservamos.mx/search/guadalajara/culiacan/30-Nov-18/p/A1/providers"
"52","https://viaje.reservamos.mx/search/guadalajara/saltillo/30-Nov-18/p/A1/providers"
"53","https://viaje.reservamos.mx/search/guadalajara/monterrey/30-Nov-18/p/A1/providers"
"54","https://viaje.reservamos.mx/search/guadalajara/torreon/30-Nov-18/p/A1/providers"
"55","https://viaje.reservamos.mx/search/guadalajara/reynosa/30-Nov-18/p/A1/providers"
"56","https://viaje.reservamos.mx/search/guadalajara/nuevo-laredo/30-Nov-18/p/A1/providers"
"57","https://viaje.reservamos.mx/search/guadalajara/chihuahua/30-Nov-18/p/A1/providers"
"58","https://viaje.reservamos.mx/search/guadalajara/delicias/30-Nov-18/p/A1/providers"
"59","https://viaje.reservamos.mx/search/guadalajara/los-mochis/30-Nov-18/p/A1/providers"
"60","https://viaje.reservamos.mx/search/guadalajara/ciudad-obregon/30-Nov-18/p/A1/providers"
"61","https://viaje.reservamos.mx/search/guadalajara/hermosillo/30-Nov-18/p/A1/providers"
"62","https://viaje.reservamos.mx/search/guadalajara/mexicali/30-Nov-18/p/A1/providers"
"63","https://viaje.reservamos.mx/search/guadalajara/tijuana/30-Nov-18/p/A1/providers"
"64","https://viaje.reservamos.mx/search/guadalajara/ensenada/30-Nov-18/p/A1/providers"
"65","https://viaje.reservamos.mx/search/guadalajara/la-paz-bs/30-Nov-18/p/A1/providers"
"66","https://viaje.reservamos.mx/search/guadalajara/ciudad-de-mexico/30-Nov-18/p/A1/providers"
"67","https://viaje.reservamos.mx/search/guadalajara/ciudad-juarez/30-Nov-18/p/A1/providers"
"68","https://viaje.reservamos.mx/search/guadalajara/san-jose-del-cabo/30-Nov-18/p/A1/providers"
"69","https://viaje.reservamos.mx/search/monterrey/morelia/30-Nov-18/p/A1/providers"
"70","https://viaje.reservamos.mx/search/monterrey/uruapan/30-Nov-18/p/A1/providers"
"71","https://viaje.reservamos.mx/search/monterrey/colima/30-Nov-18/p/A1/providers"
"72","https://viaje.reservamos.mx/search/monterrey/manzanillo/30-Nov-18/p/A1/providers"
"73","https://viaje.reservamos.mx/search/monterrey/guadalajara/30-Nov-18/p/A1/providers"
"74","https://viaje.reservamos.mx/search/monterrey/puerto-vallarta/30-Nov-18/p/A1/providers"
"75","https://viaje.reservamos.mx/search/monterrey/tepic/30-Nov-18/p/A1/providers"
"76","https://viaje.reservamos.mx/search/monterrey/leon/30-Nov-18/p/A1/providers"
"77","https://viaje.reservamos.mx/search/monterrey/guanajuato/30-Nov-18/p/A1/providers"
"78","https://viaje.reservamos.mx/search/monterrey/santiago-de-queretaro/30-Nov-18/p/A1/providers"
"79","https://viaje.reservamos.mx/search/monterrey/tampico/30-Nov-18/p/A1/providers"
"80","https://viaje.reservamos.mx/search/monterrey/san-luis-potosi/30-Nov-18/p/A1/providers"
"81","https://viaje.reservamos.mx/search/monterrey/ciudad-victoria/30-Nov-18/p/A1/providers"
"82","https://viaje.reservamos.mx/search/monterrey/zacatecas/30-Nov-18/p/A1/providers"
"83","https://viaje.reservamos.mx/search/monterrey/aguascalientes/30-Nov-18/p/A1/providers"
"84","https://viaje.reservamos.mx/search/monterrey/durango/30-Nov-18/p/A1/providers"
"85","https://viaje.reservamos.mx/search/monterrey/mazatlan/30-Nov-18/p/A1/providers"
"86","https://viaje.reservamos.mx/search/monterrey/culiacan/30-Nov-18/p/A1/providers"
"87","https://viaje.reservamos.mx/search/monterrey/saltillo/30-Nov-18/p/A1/providers"
"88","https://viaje.reservamos.mx/search/monterrey/ciudad-de-mexico/30-Nov-18/p/A1/providers"
"89","https://viaje.reservamos.mx/search/monterrey/torreon/30-Nov-18/p/A1/providers"
"90","https://viaje.reservamos.mx/search/monterrey/reynosa/30-Nov-18/p/A1/providers"
"91","https://viaje.reservamos.mx/search/monterrey/nuevo-laredo/30-Nov-18/p/A1/providers"
"92","https://viaje.reservamos.mx/search/monterrey/chihuahua/30-Nov-18/p/A1/providers"
"93","https://viaje.reservamos.mx/search/monterrey/delicias/30-Nov-18/p/A1/providers"
"94","https://viaje.reservamos.mx/search/monterrey/los-mochis/30-Nov-18/p/A1/providers"
"95","https://viaje.reservamos.mx/search/monterrey/ciudad-obregon/30-Nov-18/p/A1/providers"
"96","https://viaje.reservamos.mx/search/monterrey/hermosillo/30-Nov-18/p/A1/providers"
"97","https://viaje.reservamos.mx/search/monterrey/mexicali/30-Nov-18/p/A1/providers"
"98","https://viaje.reservamos.mx/search/monterrey/tijuana/30-Nov-18/p/A1/providers"
"99","https://viaje.reservamos.mx/search/monterrey/ensenada/30-Nov-18/p/A1/providers"
"100","https://viaje.reservamos.mx/search/monterrey/la-paz-bs/30-Nov-18/p/A1/providers"
"101","https://viaje.reservamos.mx/search/monterrey/ciudad-juarez/30-Nov-18/p/A1/providers"
"102","https://viaje.reservamos.mx/search/monterrey/san-jose-del-cabo/30-Nov-18/p/A1/providers"
"103","https://viaje.reservamos.mx/search/tijuana/morelia/30-Nov-18/p/A1/providers"
"104","https://viaje.reservamos.mx/search/tijuana/uruapan/30-Nov-18/p/A1/providers"
"105","https://viaje.reservamos.mx/search/tijuana/colima/30-Nov-18/p/A1/providers"
"106","https://viaje.reservamos.mx/search/tijuana/manzanillo/30-Nov-18/p/A1/providers"
"107","https://viaje.reservamos.mx/search/tijuana/guadalajara/30-Nov-18/p/A1/providers"
"108","https://viaje.reservamos.mx/search/tijuana/puerto-vallarta/30-Nov-18/p/A1/providers"
"109","https://viaje.reservamos.mx/search/tijuana/tepic/30-Nov-18/p/A1/providers"
"110","https://viaje.reservamos.mx/search/tijuana/leon/30-Nov-18/p/A1/providers"
"111","https://viaje.reservamos.mx/search/tijuana/guanajuato/30-Nov-18/p/A1/providers"
"112","https://viaje.reservamos.mx/search/tijuana/santiago-de-queretaro/30-Nov-18/p/A1/providers"
"113","https://viaje.reservamos.mx/search/tijuana/tampico/30-Nov-18/p/A1/providers"
"114","https://viaje.reservamos.mx/search/tijuana/san-luis-potosi/30-Nov-18/p/A1/providers"
"115","https://viaje.reservamos.mx/search/tijuana/ciudad-victoria/30-Nov-18/p/A1/providers"
"116","https://viaje.reservamos.mx/search/tijuana/zacatecas/30-Nov-18/p/A1/providers"
"117","https://viaje.reservamos.mx/search/tijuana/aguascalientes/30-Nov-18/p/A1/providers"
"118","https://viaje.reservamos.mx/search/tijuana/durango/30-Nov-18/p/A1/providers"
"119","https://viaje.reservamos.mx/search/tijuana/mazatlan/30-Nov-18/p/A1/providers"
"120","https://viaje.reservamos.mx/search/tijuana/culiacan/30-Nov-18/p/A1/providers"
"121","https://viaje.reservamos.mx/search/tijuana/saltillo/30-Nov-18/p/A1/providers"
"122","https://viaje.reservamos.mx/search/tijuana/ciudad-de-mexico/30-Nov-18/p/A1/providers"
"123","https://viaje.reservamos.mx/search/tijuana/torreon/30-Nov-18/p/A1/providers"
"124","https://viaje.reservamos.mx/search/tijuana/reynosa/30-Nov-18/p/A1/providers"
"125","https://viaje.reservamos.mx/search/tijuana/nuevo-laredo/30-Nov-18/p/A1/providers"
"126","https://viaje.reservamos.mx/search/tijuana/chihuahua/30-Nov-18/p/A1/providers"
"127","https://viaje.reservamos.mx/search/tijuana/delicias/30-Nov-18/p/A1/providers"
"128","https://viaje.reservamos.mx/search/tijuana/los-mochis/30-Nov-18/p/A1/providers"
"129","https://viaje.reservamos.mx/search/tijuana/ciudad-obregon/30-Nov-18/p/A1/providers"
"130","https://viaje.reservamos.mx/search/tijuana/hermosillo/30-Nov-18/p/A1/providers"
"131","https://viaje.reservamos.mx/search/tijuana/mexicali/30-Nov-18/p/A1/providers"
"132","https://viaje.reservamos.mx/search/tijuana/monterrey/30-Nov-18/p/A1/providers"
"133","https://viaje.reservamos.mx/search/tijuana/ensenada/30-Nov-18/p/A1/providers"
"134","https://viaje.reservamos.mx/search/tijuana/la-paz-bs/30-Nov-18/p/A1/providers"
"135","https://viaje.reservamos.mx/search/tijuana/ciudad-juarez/30-Nov-18/p/A1/providers"
"136","https://viaje.reservamos.mx/search/tijuana/san-jose-del-cabo/30-Nov-18/p/A1/providers"
"137","https://viaje.reservamos.mx/search/santiago-de-queretaro/guadalajara/30-Nov-18/p/A1/providers"
"138","https://viaje.reservamos.mx/search/santiago-de-queretaro/tijuana/30-Nov-18/p/A1/providers"
"139","https://viaje.reservamos.mx/search/santiago-de-queretaro/monterrey/30-Nov-18/p/A1/providers"
"140","https://viaje.reservamos.mx/search/zacatecas/guadalajara/30-Nov-18/p/A1/providers"
"141","https://viaje.reservamos.mx/search/zacatecas/tijuana/30-Nov-18/p/A1/providers"
"142","https://viaje.reservamos.mx/search/zacatecas/monterrey/30-Nov-18/p/A1/providers"
"143","https://viaje.reservamos.mx/search/aguascalientes/guadalajara/30-Nov-18/p/A1/providers"
"144","https://viaje.reservamos.mx/search/aguascalientes/tijuana/30-Nov-18/p/A1/providers"
"145","https://viaje.reservamos.mx/search/aguascalientes/monterrey/30-Nov-18/p/A1/providers"
"146","https://viaje.reservamos.mx/search/san-luis-potosi/guadalajara/30-Nov-18/p/A1/providers"
"147","https://viaje.reservamos.mx/search/san-luis-potosi/tijuana/30-Nov-18/p/A1/providers"
"148","https://viaje.reservamos.mx/search/san-luis-potosi/monterrey/30-Nov-18/p/A1/providers"
"149","https://viaje.reservamos.mx/search/leon/guadalajara/30-Nov-18/p/A1/providers"
"150","https://viaje.reservamos.mx/search/leon/tijuana/30-Nov-18/p/A1/providers"
"151","https://viaje.reservamos.mx/search/leon/monterrey/30-Nov-18/p/A1/providers"
"152","https://viaje.reservamos.mx/search/chihuahua/guadalajara/30-Nov-18/p/A1/providers"
"153","https://viaje.reservamos.mx/search/chihuahua/tijuana/30-Nov-18/p/A1/providers"
"154","https://viaje.reservamos.mx/search/chihuahua/monterrey/30-Nov-18/p/A1/providers"
"155","https://viaje.reservamos.mx/search/hermosillo/guadalajara/30-Nov-18/p/A1/providers"
"156","https://viaje.reservamos.mx/search/hermosillo/tijuana/30-Nov-18/p/A1/providers"
"157","https://viaje.reservamos.mx/search/hermosillo/monterrey/30-Nov-18/p/A1/providers"
"158","https://viaje.reservamos.mx/search/tepic/guadalajara/30-Nov-18/p/A1/providers"
"159","https://viaje.reservamos.mx/search/tepic/tijuana/30-Nov-18/p/A1/providers"
"160","https://viaje.reservamos.mx/search/tepic/monterrey/30-Nov-18/p/A1/providers"
"161","https://viaje.reservamos.mx/search/tampico/guadalajara/30-Nov-18/p/A1/providers"
"162","https://viaje.reservamos.mx/search/tampico/tijuana/30-Nov-18/p/A1/providers"
"163","https://viaje.reservamos.mx/search/tampico/monterrey/30-Nov-18/p/A1/providers"
"164","https://viaje.reservamos.mx/search/ciudad-juarez/guadalajara/30-Nov-18/p/A1/providers"
"165","https://viaje.reservamos.mx/search/ciudad-juarez/tijuana/30-Nov-18/p/A1/providers"
"166","https://viaje.reservamos.mx/search/ciudad-juarez/monterrey/30-Nov-18/p/A1/providers"
"167","https://viaje.reservamos.mx/search/durango/guadalajara/30-Nov-18/p/A1/providers"
"168","https://viaje.reservamos.mx/search/durango/tijuana/30-Nov-18/p/A1/providers"
"169","https://viaje.reservamos.mx/search/durango/monterrey/30-Nov-18/p/A1/providers"
"170","https://viaje.reservamos.mx/search/toluca/guadalajara/30-Nov-18/p/A1/providers"
"171","https://viaje.reservamos.mx/search/toluca/tijuana/30-Nov-18/p/A1/providers"
"172","https://viaje.reservamos.mx/search/toluca/monterrey/30-Nov-18/p/A1/providers"
"173","https://viaje.reservamos.mx/search/guadalajara/toluca/30-Nov-18/p/A1/providers"
"174","https://viaje.reservamos.mx/search/tijuana/toluca/30-Nov-18/p/A1/providers"
"175","https://viaje.reservamos.mx/search/monterrey/toluca/30-Nov-18/p/A1/providers"
"176","https://viaje.reservamos.mx/search/ciudad-de-mexico/cuernavaca/30-Nov-18/p/A1/providers"
"177","https://viaje.reservamos.mx/search/ciudad-de-mexico/chilpancingo/30-Nov-18/p/A1/providers"
"178","https://viaje.reservamos.mx/search/ciudad-de-mexico/zihuatanejo/30-Nov-18/p/A1/providers"
"179","https://viaje.reservamos.mx/search/ciudad-de-mexico/acapulco/30-Nov-18/p/A1/providers"
"180","https://viaje.reservamos.mx/search/ciudad-de-mexico/tehuacan/30-Nov-18/p/A1/providers"
"181","https://viaje.reservamos.mx/search/ciudad-de-mexico/puebla/30-Nov-18/p/A1/providers"
"182","https://viaje.reservamos.mx/search/ciudad-de-mexico/xalapa/30-Nov-18/p/A1/providers"
"183","https://viaje.reservamos.mx/search/ciudad-de-mexico/cordoba/30-Nov-18/p/A1/providers"
"184","https://viaje.reservamos.mx/search/ciudad-de-mexico/veracruz/30-Nov-18/p/A1/providers"
"185","https://viaje.reservamos.mx/search/ciudad-de-mexico/poza-rica/30-Nov-18/p/A1/providers"
"186","https://viaje.reservamos.mx/search/ciudad-de-mexico/orizaba/30-Nov-18/p/A1/providers"
"187","https://viaje.reservamos.mx/search/ciudad-de-mexico/coatzacoalcos/30-Nov-18/p/A1/providers"
"188","https://viaje.reservamos.mx/search/ciudad-de-mexico/oaxaca/30-Nov-18/p/A1/providers"
"189","https://viaje.reservamos.mx/search/ciudad-de-mexico/huatulco/30-Nov-18/p/A1/providers"
"190","https://viaje.reservamos.mx/search/ciudad-de-mexico/puerto-escondido/30-Nov-18/p/A1/providers"
"191","https://viaje.reservamos.mx/search/ciudad-de-mexico/salina-cruz/30-Nov-18/p/A1/providers"
"192","https://viaje.reservamos.mx/search/ciudad-de-mexico/minatitlan/30-Nov-18/p/A1/providers"
"193","https://viaje.reservamos.mx/search/ciudad-de-mexico/cardenas/30-Nov-18/p/A1/providers"
"194","https://viaje.reservamos.mx/search/ciudad-de-mexico/villahermosa/30-Nov-18/p/A1/providers"
"195","https://viaje.reservamos.mx/search/ciudad-de-mexico/tuxtla-gutierrez/30-Nov-18/p/A1/providers"
"196","https://viaje.reservamos.mx/search/ciudad-de-mexico/palenque/30-Nov-18/p/A1/providers"
"197","https://viaje.reservamos.mx/search/ciudad-de-mexico/ciudad-del-carmen/30-Nov-18/p/A1/providers"
"198","https://viaje.reservamos.mx/search/ciudad-de-mexico/campeche/30-Nov-18/p/A1/providers"
"199","https://viaje.reservamos.mx/search/ciudad-de-mexico/merida/30-Nov-18/p/A1/providers"
"200","https://viaje.reservamos.mx/search/ciudad-de-mexico/cancun/30-Nov-18/p/A1/providers"
"201","https://viaje.reservamos.mx/search/ciudad-de-mexico/chetumal/30-Nov-18/p/A1/providers"
"202","https://viaje.reservamos.mx/search/ciudad-de-mexico/playa-del-carmen/30-Nov-18/p/A1/providers"
"203","https://viaje.reservamos.mx/search/ciudad-de-mexico/tulum/30-Nov-18/p/A1/providers"
"204","https://viaje.reservamos.mx/search/ciudad-de-mexico/tapachula/30-Nov-18/p/A1/providers"
"205","https://viaje.reservamos.mx/search/puebla/veracruz/30-Nov-18/p/A1/providers"
"206","https://viaje.reservamos.mx/search/puebla/xalapa/30-Nov-18/p/A1/providers"
"207","https://viaje.reservamos.mx/search/puebla/cordoba/30-Nov-18/p/A1/providers"
"208","https://viaje.reservamos.mx/search/puebla/orizaba/30-Nov-18/p/A1/providers"
"209","https://viaje.reservamos.mx/search/puebla/coatzacoalcos/30-Nov-18/p/A1/providers"
"210","https://viaje.reservamos.mx/search/puebla/minatitlan/30-Nov-18/p/A1/providers"
"211","https://viaje.reservamos.mx/search/puebla/cardenas/30-Nov-18/p/A1/providers"
"212","https://viaje.reservamos.mx/search/puebla/villahermosa/30-Nov-18/p/A1/providers"
"213","https://viaje.reservamos.mx/search/puebla/oaxaca/30-Nov-18/p/A1/providers"
"214","https://viaje.reservamos.mx/search/puebla/puerto-escondido/30-Nov-18/p/A1/providers"
"215","https://viaje.reservamos.mx/search/puebla/huatulco/30-Nov-18/p/A1/providers"
"216","https://viaje.reservamos.mx/search/puebla/ciudad-del-carmen/30-Nov-18/p/A1/providers"
"217","https://viaje.reservamos.mx/search/puebla/campeche/30-Nov-18/p/A1/providers"
"218","https://viaje.reservamos.mx/search/puebla/merida/30-Nov-18/p/A1/providers"
"219","https://viaje.reservamos.mx/search/puebla/cancun/30-Nov-18/p/A1/providers"
"220","https://viaje.reservamos.mx/search/puebla/playa-del-carmen/30-Nov-18/p/A1/providers"
"221","https://viaje.reservamos.mx/search/puebla/tulum/30-Nov-18/p/A1/providers"
"222","https://viaje.reservamos.mx/search/puebla/chetumal/30-Nov-18/p/A1/providers"
"223","https://viaje.reservamos.mx/search/puebla/tuxtla-gutierrez/30-Nov-18/p/A1/providers"
"224","https://viaje.reservamos.mx/search/puebla/palenque/30-Nov-18/p/A1/providers"
"225","https://viaje.reservamos.mx/search/puebla/ciudad-de-mexico/30-Nov-18/p/A1/providers"
"226","https://viaje.reservamos.mx/search/oaxaca/tehuacan/30-Nov-18/p/A1/providers"
"227","https://viaje.reservamos.mx/search/oaxaca/puebla/30-Nov-18/p/A1/providers"
"228","https://viaje.reservamos.mx/search/oaxaca/puerto-escondido/30-Nov-18/p/A1/providers"
"229","https://viaje.reservamos.mx/search/oaxaca/huatulco/30-Nov-18/p/A1/providers"
"230","https://viaje.reservamos.mx/search/oaxaca/veracruz/30-Nov-18/p/A1/providers"
"231","https://viaje.reservamos.mx/search/oaxaca/cordoba/30-Nov-18/p/A1/providers"
"232","https://viaje.reservamos.mx/search/oaxaca/orizaba/30-Nov-18/p/A1/providers"
"233","https://viaje.reservamos.mx/search/oaxaca/xalapa/30-Nov-18/p/A1/providers"
"234","https://viaje.reservamos.mx/search/oaxaca/coatzacoalcos/30-Nov-18/p/A1/providers"
"235","https://viaje.reservamos.mx/search/oaxaca/minatitlan/30-Nov-18/p/A1/providers"
"236","https://viaje.reservamos.mx/search/oaxaca/cardenas/30-Nov-18/p/A1/providers"
"237","https://viaje.reservamos.mx/search/oaxaca/villahermosa/30-Nov-18/p/A1/providers"
"238","https://viaje.reservamos.mx/search/oaxaca/ciudad-del-carmen/30-Nov-18/p/A1/providers"
"239","https://viaje.reservamos.mx/search/oaxaca/palenque/30-Nov-18/p/A1/providers"
"240","https://viaje.reservamos.mx/search/oaxaca/tuxtla-gutierrez/30-Nov-18/p/A1/providers"
"241","https://viaje.reservamos.mx/search/oaxaca/campeche/30-Nov-18/p/A1/providers"
"242","https://viaje.reservamos.mx/search/oaxaca/merida/30-Nov-18/p/A1/providers"
"243","https://viaje.reservamos.mx/search/oaxaca/cancun/30-Nov-18/p/A1/providers"
"244","https://viaje.reservamos.mx/search/oaxaca/ciudad-de-mexico/30-Nov-18/p/A1/providers"
"245","https://viaje.reservamos.mx/search/oaxaca/chetumal/30-Nov-18/p/A1/providers"
"246","https://viaje.reservamos.mx/search/veracruz/ciudad-de-mexico/30-Nov-18/p/A1/providers"
"247","https://viaje.reservamos.mx/search/veracruz/puebla/30-Nov-18/p/A1/providers"
"248","https://viaje.reservamos.mx/search/veracruz/puerto-escondido/30-Nov-18/p/A1/providers"
"249","https://viaje.reservamos.mx/search/veracruz/huatulco/30-Nov-18/p/A1/providers"
"250","https://viaje.reservamos.mx/search/veracruz/cordoba/30-Nov-18/p/A1/providers"
"251","https://viaje.reservamos.mx/search/veracruz/orizaba/30-Nov-18/p/A1/providers"
"252","https://viaje.reservamos.mx/search/veracruz/xalapa/30-Nov-18/p/A1/providers"
"253","https://viaje.reservamos.mx/search/veracruz/coatzacoalcos/30-Nov-18/p/A1/providers"
"254","https://viaje.reservamos.mx/search/veracruz/minatitlan/30-Nov-18/p/A1/providers"
"255","https://viaje.reservamos.mx/search/veracruz/cardenas/30-Nov-18/p/A1/providers"
"256","https://viaje.reservamos.mx/search/veracruz/villahermosa/30-Nov-18/p/A1/providers"
"257","https://viaje.reservamos.mx/search/veracruz/ciudad-del-carmen/30-Nov-18/p/A1/providers"
"258","https://viaje.reservamos.mx/search/veracruz/palenque/30-Nov-18/p/A1/providers"
"259","https://viaje.reservamos.mx/search/veracruz/tuxtla-gutierrez/30-Nov-18/p/A1/providers"
"260","https://viaje.reservamos.mx/search/veracruz/campeche/30-Nov-18/p/A1/providers"
"261","https://viaje.reservamos.mx/search/veracruz/merida/30-Nov-18/p/A1/providers"
"262","https://viaje.reservamos.mx/search/veracruz/cancun/30-Nov-18/p/A1/providers"
"263","https://viaje.reservamos.mx/search/veracruz/chetumal/30-Nov-18/p/A1/providers"
"264","https://viaje.reservamos.mx/search/villahermosa/ciudad-de-mexico/30-Nov-18/p/A1/providers"
"265","https://viaje.reservamos.mx/search/villahermosa/puebla/30-Nov-18/p/A1/providers"
"266","https://viaje.reservamos.mx/search/villahermosa/puerto-escondido/30-Nov-18/p/A1/providers"
"267","https://viaje.reservamos.mx/search/villahermosa/huatulco/30-Nov-18/p/A1/providers"
"268","https://viaje.reservamos.mx/search/villahermosa/cordoba/30-Nov-18/p/A1/providers"
"269","https://viaje.reservamos.mx/search/villahermosa/orizaba/30-Nov-18/p/A1/providers"
"270","https://viaje.reservamos.mx/search/villahermosa/xalapa/30-Nov-18/p/A1/providers"
"271","https://viaje.reservamos.mx/search/villahermosa/coatzacoalcos/30-Nov-18/p/A1/providers"
"272","https://viaje.reservamos.mx/search/villahermosa/minatitlan/30-Nov-18/p/A1/providers"
"273","https://viaje.reservamos.mx/search/villahermosa/cardenas/30-Nov-18/p/A1/providers"
"274","https://viaje.reservamos.mx/search/villahermosa/veracruz/30-Nov-18/p/A1/providers"
"275","https://viaje.reservamos.mx/search/villahermosa/ciudad-del-carmen/30-Nov-18/p/A1/providers"
"276","https://viaje.reservamos.mx/search/villahermosa/palenque/30-Nov-18/p/A1/providers"
"277","https://viaje.reservamos.mx/search/villahermosa/tuxtla-gutierrez/30-Nov-18/p/A1/providers"
"278","https://viaje.reservamos.mx/search/villahermosa/campeche/30-Nov-18/p/A1/providers"
"279","https://viaje.reservamos.mx/search/villahermosa/merida/30-Nov-18/p/A1/providers"
"280","https://viaje.reservamos.mx/search/villahermosa/cancun/30-Nov-18/p/A1/providers"
"281","https://viaje.reservamos.mx/search/villahermosa/tapachula/30-Nov-18/p/A1/providers"
"282","https://viaje.reservamos.mx/search/villahermosa/chetumal/30-Nov-18/p/A1/providers"
"283","https://viaje.reservamos.mx/search/tuxtla-gutierrez/ciudad-de-mexico/30-Nov-18/p/A1/providers"
"284","https://viaje.reservamos.mx/search/tuxtla-gutierrez/puebla/30-Nov-18/p/A1/providers"
"285","https://viaje.reservamos.mx/search/tuxtla-gutierrez/puerto-escondido/30-Nov-18/p/A1/providers"
"286","https://viaje.reservamos.mx/search/tuxtla-gutierrez/huatulco/30-Nov-18/p/A1/providers"
"287","https://viaje.reservamos.mx/search/tuxtla-gutierrez/cordoba/30-Nov-18/p/A1/providers"
"288","https://viaje.reservamos.mx/search/tuxtla-gutierrez/orizaba/30-Nov-18/p/A1/providers"
"289","https://viaje.reservamos.mx/search/tuxtla-gutierrez/xalapa/30-Nov-18/p/A1/providers"
"290","https://viaje.reservamos.mx/search/tuxtla-gutierrez/coatzacoalcos/30-Nov-18/p/A1/providers"
"291","https://viaje.reservamos.mx/search/tuxtla-gutierrez/minatitlan/30-Nov-18/p/A1/providers"
"292","https://viaje.reservamos.mx/search/tuxtla-gutierrez/cardenas/30-Nov-18/p/A1/providers"
"293","https://viaje.reservamos.mx/search/tuxtla-gutierrez/veracruz/30-Nov-18/p/A1/providers"
"294","https://viaje.reservamos.mx/search/tuxtla-gutierrez/ciudad-del-carmen/30-Nov-18/p/A1/providers"
"295","https://viaje.reservamos.mx/search/tuxtla-gutierrez/palenque/30-Nov-18/p/A1/providers"
"296","https://viaje.reservamos.mx/search/tuxtla-gutierrez/villahermosa/30-Nov-18/p/A1/providers"
"297","https://viaje.reservamos.mx/search/tuxtla-gutierrez/campeche/30-Nov-18/p/A1/providers"
"298","https://viaje.reservamos.mx/search/tuxtla-gutierrez/merida/30-Nov-18/p/A1/providers"
"299","https://viaje.reservamos.mx/search/tuxtla-gutierrez/cancun/30-Nov-18/p/A1/providers"
"300","https://viaje.reservamos.mx/search/tuxtla-gutierrez/tapachula/30-Nov-18/p/A1/providers"
"301","https://viaje.reservamos.mx/search/tuxtla-gutierrez/chetumal/30-Nov-18/p/A1/providers"
"302","https://viaje.reservamos.mx/search/campeche/ciudad-de-mexico/30-Nov-18/p/A1/providers"
"303","https://viaje.reservamos.mx/search/campeche/puebla/30-Nov-18/p/A1/providers"
"304","https://viaje.reservamos.mx/search/campeche/puerto-escondido/30-Nov-18/p/A1/providers"
"305","https://viaje.reservamos.mx/search/campeche/huatulco/30-Nov-18/p/A1/providers"
"306","https://viaje.reservamos.mx/search/campeche/cordoba/30-Nov-18/p/A1/providers"
"307","https://viaje.reservamos.mx/search/campeche/orizaba/30-Nov-18/p/A1/providers"
"308","https://viaje.reservamos.mx/search/campeche/xalapa/30-Nov-18/p/A1/providers"
"309","https://viaje.reservamos.mx/search/campeche/coatzacoalcos/30-Nov-18/p/A1/providers"
"310","https://viaje.reservamos.mx/search/campeche/minatitlan/30-Nov-18/p/A1/providers"
"311","https://viaje.reservamos.mx/search/campeche/cardenas/30-Nov-18/p/A1/providers"
"312","https://viaje.reservamos.mx/search/campeche/veracruz/30-Nov-18/p/A1/providers"
"313","https://viaje.reservamos.mx/search/campeche/ciudad-del-carmen/30-Nov-18/p/A1/providers"
"314","https://viaje.reservamos.mx/search/campeche/palenque/30-Nov-18/p/A1/providers"
"315","https://viaje.reservamos.mx/search/campeche/villahermosa/30-Nov-18/p/A1/providers"
"316","https://viaje.reservamos.mx/search/campeche/tapachula/30-Nov-18/p/A1/providers"
"317","https://viaje.reservamos.mx/search/campeche/tuxtla-gutierrez/30-Nov-18/p/A1/providers"
"318","https://viaje.reservamos.mx/search/campeche/merida/30-Nov-18/p/A1/providers"
"319","https://viaje.reservamos.mx/search/campeche/cancun/30-Nov-18/p/A1/providers"
"320","https://viaje.reservamos.mx/search/campeche/chetumal/30-Nov-18/p/A1/providers"
"321","https://viaje.reservamos.mx/search/merida/ciudad-de-mexico/30-Nov-18/p/A1/providers"
"322","https://viaje.reservamos.mx/search/merida/puebla/30-Nov-18/p/A1/providers"
"323","https://viaje.reservamos.mx/search/merida/puerto-escondido/30-Nov-18/p/A1/providers"
"324","https://viaje.reservamos.mx/search/merida/huatulco/30-Nov-18/p/A1/providers"
"325","https://viaje.reservamos.mx/search/merida/cordoba/30-Nov-18/p/A1/providers"
"326","https://viaje.reservamos.mx/search/merida/orizaba/30-Nov-18/p/A1/providers"
"327","https://viaje.reservamos.mx/search/merida/xalapa/30-Nov-18/p/A1/providers"
"328","https://viaje.reservamos.mx/search/merida/coatzacoalcos/30-Nov-18/p/A1/providers"
"329","https://viaje.reservamos.mx/search/merida/minatitlan/30-Nov-18/p/A1/providers"
"330","https://viaje.reservamos.mx/search/merida/cardenas/30-Nov-18/p/A1/providers"
"331","https://viaje.reservamos.mx/search/merida/veracruz/30-Nov-18/p/A1/providers"
"332","https://viaje.reservamos.mx/search/merida/ciudad-del-carmen/30-Nov-18/p/A1/providers"
"333","https://viaje.reservamos.mx/search/merida/palenque/30-Nov-18/p/A1/providers"
"334","https://viaje.reservamos.mx/search/merida/villahermosa/30-Nov-18/p/A1/providers"
"335","https://viaje.reservamos.mx/search/merida/tapachula/30-Nov-18/p/A1/providers"
"336","https://viaje.reservamos.mx/search/merida/tuxtla-gutierrez/30-Nov-18/p/A1/providers"
"337","https://viaje.reservamos.mx/search/merida/campeche/30-Nov-18/p/A1/providers"
"338","https://viaje.reservamos.mx/search/merida/cancun/30-Nov-18/p/A1/providers"
"339","https://viaje.reservamos.mx/search/merida/chetumal/30-Nov-18/p/A1/providers"
"340","https://viaje.reservamos.mx/search/cancun/ciudad-de-mexico/30-Nov-18/p/A1/providers"
"341","https://viaje.reservamos.mx/search/cancun/puebla/30-Nov-18/p/A1/providers"
"342","https://viaje.reservamos.mx/search/cancun/puerto-escondido/30-Nov-18/p/A1/providers"
"343","https://viaje.reservamos.mx/search/cancun/huatulco/30-Nov-18/p/A1/providers"
"344","https://viaje.reservamos.mx/search/cancun/cordoba/30-Nov-18/p/A1/providers"
"345","https://viaje.reservamos.mx/search/cancun/orizaba/30-Nov-18/p/A1/providers"
"346","https://viaje.reservamos.mx/search/cancun/xalapa/30-Nov-18/p/A1/providers"
"347","https://viaje.reservamos.mx/search/cancun/coatzacoalcos/30-Nov-18/p/A1/providers"
"348","https://viaje.reservamos.mx/search/cancun/minatitlan/30-Nov-18/p/A1/providers"
"349","https://viaje.reservamos.mx/search/cancun/cardenas/30-Nov-18/p/A1/providers"
"350","https://viaje.reservamos.mx/search/cancun/veracruz/30-Nov-18/p/A1/providers"
"351","https://viaje.reservamos.mx/search/cancun/ciudad-del-carmen/30-Nov-18/p/A1/providers"
"352","https://viaje.reservamos.mx/search/cancun/palenque/30-Nov-18/p/A1/providers"
"353","https://viaje.reservamos.mx/search/cancun/villahermosa/30-Nov-18/p/A1/providers"
"354","https://viaje.reservamos.mx/search/cancun/tapachula/30-Nov-18/p/A1/providers"
"355","https://viaje.reservamos.mx/search/cancun/tuxtla-gutierrez/30-Nov-18/p/A1/providers"
"356","https://viaje.reservamos.mx/search/cancun/campeche/30-Nov-18/p/A1/providers"
"357","https://viaje.reservamos.mx/search/cancun/merida/30-Nov-18/p/A1/providers"
"358","https://viaje.reservamos.mx/search/cancun/chetumal/30-Nov-18/p/A1/providers"
